序号,竞赛名称,官网地址,主办方/备注
1,中国国际大学生创新大赛,https://cy.ncss.cn,主办：教育部等；备注：原名“互联网+”大学生创新创业大赛，报名与赛事通知均在“全国大学生创业服务网”
2,“挑战杯”全国大学生课外学术科技作品竞赛,https://www.tiaozhanbei.net,主办：共青团中央、中国科协、教育部、中国社会科学院、全国学联；备注：与创业计划大赛共用同一官网
3,“挑战杯”中国大学生创业计划大赛,https://www.tiaozhanbei.net,主办：共青团中央、中国科协、教育部、中国社会科学院、全国学联；备注：与学术科技作品竞赛共用同一官网
4,全国大学生数学竞赛,https://www.cmathc.org.cn,主办：中国数学会；备注：官网为“大学生数学竞赛网”，含分区赛与决赛通知
5,中国大学生物理学术竞赛,https://pt.nankai.edu.cn,主办：中国大学生物理学术竞赛组委会；备注：无独立域名，官网由发起单位南开大学物理科学学院维护
6,ACM-ICPC 国际大学生程序设计竞赛,https://icpc.global,主办：ICPC Foundation；备注：赛区制，区域赛与全球总决赛信息见官网 Regionals 栏目
7,全国大学生数学建模竞赛,http://www.mcm.edu.cn,主办：中国工业与应用数学学会；备注：官网含赛题、评奖与异议流程
8,全国大学生电子设计竞赛,http://nuedc.xjtu.edu.cn,主办：教育部高等教育司、工业和信息化部人事教育司；备注：西安交通大学承办，官网含赛区划分与报名
9,全国大学生机械创新设计大赛,https://umic.moocollege.com,主办：教育部高等学校机械基础课程教学指导委员会；备注：官网托管在摩课云（umic），页面为 JS 渲染，需浏览器打开
10,全国大学生智能汽车竞赛,https://www.smartcar.zone,主办：教育部高等学校自动化类专业教学指导委员会、中国自动化学会；备注：官网含章程与报名入口（enroll.smartcar.zone）
11,全国大学生机器人大赛（CURC）,https://www.curc.cn,主办：全国大学生机器人大赛组织委员会；备注：curc.cn 为大赛总官网，覆盖 RoboMaster/ROBOCON 两大赛项；ROBOTAC 单项赛另见 robotac.cn
12,全国大学生光电设计竞赛,https://gd.moocollege.com,主办：中国光学学会；备注：官网托管在摩课云（gd），页面为 JS 渲染
13,全国大学生信息安全竞赛,http://www.ciscn.cn,主办：教育部高等学校网络空间安全专业教学指导委员会；备注：官网含报名、作品提交与决赛信息
14,“外研社·国才杯”“理解当代中国”全国大学生外语能力大赛,https://ucc.fltrp.com,主办：外语教学与研究出版社（外研社）；备注：多语种、多赛项统一报名平台
15,全国大学生电子商务“创新、创意及创业”挑战赛,https://www.3chuang.net,主办：教育部高等学校电子商务类专业教学指导委员会；备注：官网报名，通知同步微信公众号“电子商务三创赛”
16,全国大学生节能减排社会实践与科技竞赛,http://www.jienengjianpai.org,主办：教育部高等教育司（竞赛委员会）；备注：高校轮流承办（如“大工能动杯”），官网发通知与获奖名单
17,中国大学生工程实践与创新能力大赛,http://www.gcxl.edu.cn,主办：教育部高等教育司指导、教育部高等学校工程训练教学指导委员会主办；备注：官网域名沿用旧赛名“工程训练综合能力竞赛”，站内已发工创赛通知
18,全国大学生创新创业训练计划年会展示,http://gjcxcy.bjtu.edu.cn,主办：教育部高等教育司；备注：无独立官网，依托“国家级大学生创新训练计划平台”（北京交通大学托管），仅支持 http 访问
19,“西门子杯”中国智能制造挑战赛,http://www.siemenscup-cimc.org.cn,主办：中国仿真学会、西门子（中国）有限公司；备注：官网含报名与成绩查询
20,全国大学生先进成图技术与产品信息建模创新大赛,http://www.chengtudasai.com,主办：大赛组委会、中国图学学会制图技术专业委员会/产品信息建模专业委员会；备注：即“高教杯”，官网含通知与资料下载
21,中国大学生计算机设计大赛,https://jsjds.blcu.edu.cn,主办：中国大学生计算机设计大赛组委会；备注：北京语言大学建设维护，含各决赛区信息
22,全国大学生市场调查与分析大赛,http://www.china-cssc.org,主办：中国商业统计学会；备注：无独立官网，大赛通知与报名在学会官网的“调查分析技能大赛”专栏
23,中国大学生服务外包创新创业大赛,https://fwwb.org.cn,主办：教育部、商务部、无锡市人民政府；备注：官网含赛区划分与报名登录入口
24,中国高校计算机大赛-大数据挑战赛、团体程序设计天梯赛、移动应用创新赛、网络技术挑战赛、人工智能创意赛,http://www.c4best.cn,主办：全国高等学校计算机教育研究会等；备注：官网托管在摩课云（JS 渲染）；赛道入口 net.c4best.cn（网络技术挑战赛）、gplt.patest.cn（天梯赛）、appcontest.net（移动应用创新赛）、algo.weixin.qq.com（大数据挑战赛）
25,中国机器人大赛暨RoboCup机器人世界杯中国赛,https://www.caa.org.cn,主办：中国自动化学会；备注：报名系统 robotreg.drct-caa.org.cn；原独立站 drct-caa.org.cn 当前不可达
26,全国周培源大学生力学竞赛,http://zpy.cstam.org.cn,主办：中国力学学会、周培源基金会；备注：中国力学学会官网子站，含通知与成绩
27,“中国软件杯”大学生软件设计大赛,https://www.cnsoftbei.com,主办：工业和信息化部、教育部、江苏省人民政府；备注：官网含赛题、报名与评审信息
28,未来设计师·全国高校数字艺术设计大赛,https://www.ncda.org.cn,主办：工业和信息化部人才交流中心；备注：官网含省赛/国赛通知与证书下载
29,中美青年创客大赛,https://chinaus-maker.cscse.edu.cn,主办：教育部；承办：教育部留学服务中心；备注：官网含各分赛区入口与报名
30,全国大学生集成电路创新创业大赛,https://univ.ciciec.com,主办：工业和信息化部人才交流中心；备注：官网 univ.ciciec.com，含赛题与报名
31,全国大学生广告艺术大赛,https://www.sun-ada.net,主办：教育部高等教育司指导，教育部高等学校新闻传播学类专业教学指导委员会、中国高等教育学会广告教育专业委员会主办；备注：官网含命题下载、报名与作品提交
32,中国大学生医学技术技能大赛,https://medu.bjmu.edu.cn,主办：教育部；备注：无独立官网，依托全国医学教育发展中心（北京大学医学部）发布通知
33,中国大学生机械工程创新创意大赛,https://meicc.cmes.org,主办：中国机械工程学会；备注：官网托管在摩课云（meicc.cmes.org）；各赛项另有站点，如智能制造赛 cmes-imic.org.cn
34,全国大学生金相技能大赛,http://www.jxds.tech,主办：教育部高等学校材料类专业教学指导委员会；备注：官网含报名、成绩统计与证书查验
35,两岸新锐设计竞赛·华灿奖,http://www.huacanjiang.com,主办：中国高等教育学会、中华中山文化交流协会、北京歌华文化发展集团；备注：官网当前返回 503，需过段时间再验证
36,全国大学生结构设计竞赛,https://www.structurecontest.com,主办：教育部、住房和城乡建设部、中国土木工程学会；备注：官网托管在摩课云（JS 渲染），含分赛区报名
37,米兰设计周--中国高校设计学科师生优秀作品展,http://www.milan-aap.org.cn,主办：中国教育国际交流协会、中国高等教育学会；备注：官网为组委会唯一在线报名入口
38,美国大学生数学建模竞赛,https://www.comap.com,主办：COMAP（美国数学及其应用联合会）；备注：comap.com 会跳转到 comap.org
39,国际基因工程机器大赛(iGEM),https://igem.org,主办：iGEM Foundation；备注：官网含队伍注册、Parts Registry 与赛程
40,中国机器人及人工智能大赛,https://www.caairobot.com,主办：中国人工智能学会；备注：官网含报名系统与证书查询
41,全国高校商业精英挑战赛-品牌策划竞赛、会展专业创新创业实践竞赛、国际贸易竞赛、创新创业竞赛,https://cubec.org.cn,主办：中国国际贸易促进委员会商业行业委员会；备注：官网为赛事一体化管理平台，覆盖品牌策划/国际贸易/创新创业等各赛道报名
42,中国好创意暨全国数字艺术设计大赛,http://www.cdec.org.cn,主办：中国电子视像行业协会；备注：官网含命题与作品提交
43,全国三维数字化创新设计大赛,http://3dds.3ddl.net,主办：国家制造业信息化培训中心等；备注：官网 3dds.3ddl.net；报名已迁移至“3D大赛”微信小程序
44,“学创杯”全国大学生创业综合模拟大赛,http://www.xcbds.com,主办：高等学校国家级实验教学示范中心联席会经管学科组、中国陶行知研究会；备注：官网偶发连接重置，重试即可
45,大学生新一代信息通信科技大赛,https://www.ksup.cn,主办：工业和信息化部人才交流中心、中国通信企业协会；备注：原名“大唐杯”，官网 ksup.cn 标注为“信科赛官网”
46,全国大学生物理实验竞赛,https://wlsycx.moocollege.com,主办：教育部高等学校大学物理课程教学指导委员会、物理学类专业教学指导委员会等；备注：无独立官网，报名在摩课云平台（wlsycx，JS 渲染）
47,睿抗机器人开发者大赛(RAICOM),https://www.raicom.com.cn,主办：工业和信息化部人才交流中心；备注：官网含报名与证书查询
48,全国大学生生命科学竞赛(CULSC),https://culsc.cn,主办：全国大学生生命科学竞赛委员会；备注：分科学探究类/创新创业类两个赛道，官网含报名
49,华为ICT大赛,https://www.huawei.com/minisite/ict-competition-2025-2026-global/cn/index.html,主办：华为技术有限公司；备注：现填的是 2025—2026 赛季专题页，赛季后会失效；稳定入口为 e.huawei.com/cn/talent/ict-academy
50,全国大学生嵌入式芯片与系统设计竞赛,https://www.socchina.net,主办：中国电子教育学会；备注：官网 socchina.net 含报名与赛题；FPGA 创新设计赛道另见 fpgachina.cn
51,中国高校智能机器人创意大赛,https://www.robotcontest.cn,主办：教育部高等学校自动化类专业教学指导委员会等；备注：官网托管在摩课云（robotcontest.cn，JS 渲染）
52,全国大学生计算机系统能力大赛,https://cscc.educg.net,主办：全国高等学校计算机教育研究会等；备注：总门户 cscc.educg.net（希冀平台）；赛道子站 os.educg.net（操作系统）、compiler.educg.net（编译）、course.educg.net（数据库）、nscscc.com（CPU 设计赛/龙芯杯）
53,“21世纪杯”全国英语演讲比赛,https://contest.i21st.cn,主办：中国日报社（21 世纪英文报）；备注：官网含报名与赛事通知
54,“外教社杯”全国高校学生跨文化能力大赛,https://ict.sflep.com,主办：上海外语教育出版社；备注：官网为“跨文化能力测试中心”平台，大赛为其栏目
55,全国大学生物联网设计竞赛,https://iot.sjtu.edu.cn,主办：教育部高等学校计算机类专业教学指导委员会；承办：上海交通大学；备注：官网含章程与报名
56,全国大学生医学创新大赛暨“一带一路”国际竞赛,https://www.jcyxds.com,主办：高等学校国家级实验教学示范中心联席会；备注：官网托管在摩课云（jcyxds.com，JS 渲染）
